{
    "1": [
        0.32858145236968994,
        0.28643012046813965,
        0.6548736095428467,
        0.5698795914649963
    ],
    "2": [
        0.4440043568611145,
        0.5672619938850403,
        0.550869882106781,
        0.6757156848907471
    ]
}