{
    "1": [
        0.3976419572272192,
        0.3259432648305989,
        0.4404169949954857,
        0.37156910624924677
    ],
    "2": [
        0.5063636606458384,
        0.3247898286363906,
        0.5481166990211199,
        0.37029178400162976
    ],
    "3": [
        0.6133142107424137,
        0.32262082837902994,
        0.6558206056110469,
        0.3674459449991332
    ],
    "4": [
        0.7216593697539841,
        0.318945789798029,
        0.7650334736934137,
        0.3634889558340646
    ],
    "5": [
        0.2846034975459202,
        0.325270818587974,
        0.3294916488836215,
        0.3713345335032088
    ]
}