{
    "_1_dehumidifier": {
        "gpt_precision": 0.8024242424242424,
        "gpt_recall": 1.0,
        "gpt_f1": 0.8825906120023767,
        "molmo_precision": 0.6095670995670995,
        "molmo_recall": 0.7971428571428572,
        "molmo_f1": 0.6851880145997793
    },
    "_2_bottle_washer": {
        "gpt_precision": 0.8,
        "gpt_recall": 1.0,
        "gpt_f1": 0.8751515151515152,
        "molmo_precision": 0.5516666666666666,
        "molmo_recall": 0.6599999999999999,
        "molmo_f1": 0.5860606060606062
    },
    "_3_rice_cooker": {
        "gpt_precision": 0.8839285714285715,
        "gpt_recall": 1.0,
        "gpt_f1": 0.9353543008715424,
        "molmo_precision": 0.8839285714285715,
        "molmo_recall": 1.0,
        "molmo_f1": 0.9353543008715424
    },
    "_4_microwave_oven": {
        "gpt_precision": 0.9923076923076923,
        "gpt_recall": 0.9923076923076923,
        "gpt_f1": 0.9923076923076923,
        "molmo_precision": 0.7351851851851852,
        "molmo_recall": 0.75,
        "molmo_f1": 0.7423076923076923
    },
    "_5_bread_maker": {
        "gpt_precision": 0.9178571428571429,
        "gpt_recall": 1.0,
        "gpt_f1": 0.9558974358974359,
        "molmo_precision": 0.75,
        "molmo_recall": 0.7952380952380952,
        "molmo_f1": 0.770989010989011
    },
    "_6_washing_machine": {
        "gpt_precision": 0.7591919191919192,
        "gpt_recall": 0.9555555555555555,
        "gpt_f1": 0.8448520811833505,
        "molmo_precision": 0.5882828282828283,
        "molmo_recall": 0.7388888888888889,
        "molmo_f1": 0.6530392156862744
    },
    "overall": {
        "gpt_precision": 0.859284928034928,
        "gpt_recall": 0.9913105413105413,
        "gpt_f1": 0.9143589395689856,
        "molmo_precision": 0.6864383918550586,
        "molmo_recall": 0.7902116402116401,
        "molmo_f1": 0.7288231400858177
    }
}