{
    "1": [
        0.467351003963298,
        0.5593591288373663,
        0.5597504375211972,
        0.5968170271992328
    ],
    "2": [
        0.27564576268196106,
        0.5176774157280284,
        0.31795219446113765,
        0.5688253780408257
    ],
    "3": [
        0.32641150269348795,
        0.5338754534163792,
        0.36578273996684363,
        0.5856857805230433
    ],
    "4": [
        0.37906159539575457,
        0.5496370185727031,
        0.4101936995334645,
        0.605335349778052
    ],
    "5": [
        0.6144854046421813,
        0.5521055242460609,
        0.6466053748013536,
        0.6094178929698373
    ],
    "6": [
        0.660185890605888,
        0.5363335248793586,
        0.7013054517498976,
        0.5916829769529173
    ],
    "7": [
        0.7095874995211773,
        0.5217481800481774,
        0.7394809126853943,
        0.5741084023152005
    ]
}