{
    "1": [
        0.09606080166289163,
        0.6999627708432065,
        0.19497034771817828,
        0.7336447361885295
    ],
    "2": [
        0.0813469848943366,
        0.7850862832613866,
        0.19987495330769664,
        0.8199930473465398
    ],
    "3": [
        0.7500082135986712,
        0.7752878933427472,
        0.8497351939188775,
        0.8132566542774751
    ],
    "4": [
        0.7271778661180903,
        0.687994138248079,
        0.8623808171940404,
        0.7325515103269664
    ],
    "5": [
        0.36109551509760784,
        0.7031437002004761,
        0.5789470777856032,
        0.7859555378055472
    ],
    "6": [
        0.525339117878886,
        0.8005803544631118,
        0.6269852551781412,
        0.8401864366578033
    ],
    "7": [
        0.31746995508336084,
        0.8020527483331517,
        0.421138671297447,
        0.8426633892785667
    ]
}