{
    "1": [
        0.4871746678806525,
        0.5947542856933197,
        0.5328650749675661,
        0.6260897602358817
    ],
    "2": [
        0.4569529920485916,
        0.5349343212973645,
        0.6648892972625992,
        0.5892064625725268
    ],
    "3": [
        0.4174657989738014,
        0.5945306961276842,
        0.46332620358508775,
        0.6255086202763138
    ],
    "4": [
        0.19860947887192915,
        0.5940094709796817,
        0.248719502756597,
        0.6265365835117542
    ],
    "5": [
        0.5564527894371706,
        0.5951268101078355,
        0.6012901654682804,
        0.6261976593385477
    ],
    "6": [
        0.6252234401229781,
        0.5956877974143104,
        0.6695385628899536,
        0.6262245826088275
    ],
    "7": [
        0.6838123840097227,
        0.5496073888833486,
        0.7261669556175215,
        0.5767719806287719
    ],
    "8": [
        0.34503685373664617,
        0.5943754963508674,
        0.3929643007099302,
        0.6262792345063417
    ],
    "9": [
        0.6919889026184863,
        0.5960768410110084,
        0.7407953802689489,
        0.6286080833386265
    ]
}