{
    "1": [
        0.5738315620526766,
        0.6809456934251532,
        0.6760195254119212,
        0.7428690490599053
    ],
    "2": [
        0.4213188345489658,
        0.7072659269679402,
        0.558245387403197,
        0.7575335861448238
    ],
    "3": [
        0.6623424725281986,
        0.6348780695317,
        0.7485324076206146,
        0.6946659143673237
    ],
    "4": [
        0.3073871308245766,
        0.6749516509635765,
        0.40594985805463946,
        0.7370819276263738
    ],
    "5": [
        0.3196377129846555,
        0.5241756925261551,
        0.6721295970387935,
        0.6738663646251783
    ],
    "6": [
        0.24108523304637597,
        0.6270734447623081,
        0.3217285592813717,
        0.686436071081534
    ],
    "7": [
        0.45274802763895483,
        0.7713074489623359,
        0.5271588755158678,
        0.8101632828929759
    ]
}