{
    "1": [
        0.5134850828266292,
        0.5921028981832612,
        0.5655379241575366,
        0.6074927522476885
    ],
    "2": [
        0.32713591086198085,
        0.6512576497434034,
        0.3812708658461245,
        0.668571235565884
    ],
    "3": [
        0.6415350725006613,
        0.5820033064534809,
        0.7081627094042228,
        0.6224016733726023
    ],
    "4": [
        0.4655964688021944,
        0.6430817897716764,
        0.5218135374395744,
        0.6786708272956644
    ],
    "5": [
        0.45726801418924923,
        0.7738955493193079,
        0.5134850828266292,
        0.8075608550852426
    ],
    "6": [
        0.42499525256408666,
        0.4983209749781577,
        0.5707432082906273,
        0.5185201584377185
    ],
    "7": [
        0.2355229101195839,
        0.5016875055547512,
        0.3968867182453967,
        0.5247722866513921
    ],
    "8": [
        0.6352887315409524,
        0.2665112981327225,
        0.7581334370818937,
        0.28671048159228324
    ],
    "9": [
        0.6207139359682984,
        0.4925497797039975,
        0.7352301868962946,
        0.5127489631635583
    ],
    "10": [
        0.4374879344835044,
        0.28093928631812304,
        0.5749074355970999,
        0.30113846977768377
    ],
    "11": [
        0.24593347838576538,
        0.42425730229310166,
        0.38751720680583335,
        0.44445648575266244
    ],
    "12": [
        0.42499525256408666,
        0.8022705927505956,
        0.5436757307985554,
        0.8215079103311297
    ],
    "13": [
        0.26050827395841947,
        0.3626978860353927,
        0.37294241123317934,
        0.38433986831349354
    ],
    "14": [
        0.5863590606898994,
        0.7729336834402811,
        0.7393944142027672,
        0.802751525690109
    ],
    "15": [
        0.4520627300561585,
        0.36654534955149953,
        0.5561684127179732,
        0.38674453301106027
    ],
    "16": [
        0.441652161789977,
        0.4261810340511551,
        0.5603326400244458,
        0.4454183516316891
    ],
    "17": [
        0.27716518318430977,
        0.26314476755612903,
        0.35940867248714337,
        0.2843058168947165
    ],
    "18": [
        0.3064219542395088,
        0.10481521771005298,
        0.7014949042142775,
        0.16517603944346515
    ],
    "19": [
        0.2823704673174005,
        0.6979081448761985,
        0.7008753116178956,
        0.7469633047065602
    ],
    "20": [
        0.4696455833076525,
        0.7079074339249374,
        0.5066569333697841,
        0.735112204592907
    ],
    "21": [
        0.6477322208853797,
        0.709901500582026,
        0.6840552113116001,
        0.7378899913355816
    ],
    "22": [
        0.6615843814741971,
        0.3409107777975251,
        0.7176402482264406,
        0.3673376709934786
    ],
    "23": [
        0.6436171861538975,
        0.6483720521063233,
        0.7466818119890941,
        0.6801136261142045
    ],
    "24": [
        0.24176925107929276,
        0.765719689347581,
        0.3802298090195063,
        0.8090036539037826
    ],
    "25": [
        0.6373708451941887,
        0.4281047658092085,
        0.7269017322833494,
        0.4473420833897425
    ],
    "26": [
        0.2933338051619765,
        0.7048398304101351,
        0.3292117008140023,
        0.7321206707498309
    ]
}