{
    "1": [
        0.7332498597990451,
        0.5359181847308996,
        0.7899856683531965,
        0.577788515028475
    ],
    "2": [
        0.4002130884091244,
        0.370282118698702,
        0.7296471361136199,
        0.5898527732601426
    ],
    "3": [
        0.7780522812496532,
        0.36987139078115255,
        0.8261764645576477,
        0.3994875457626157
    ],
    "4": [
        0.7724994908679615,
        0.4513158169801762,
        0.8132199536670338,
        0.4833999848767613
    ],
    "5": [
        0.2634937058795582,
        0.3822114553567622,
        0.3393818410960111,
        0.41676363616846923
    ],
    "6": [
        0.29310858791524713,
        0.5549723594152972,
        0.34493463147770276,
        0.5845885143967604
    ],
    "7": [
        0.6031393842263655,
        0.5882905337694433,
        0.6558908928524364,
        0.6203747016660284
    ],
    "8": [
        0.4569159041751515,
        0.6030986112601748,
        0.5124438079920681,
        0.6277787404113941
    ],
    "9": [
        0.29782685231301187,
        0.4803181120732063,
        0.3361419833730235,
        0.4948218871362702
    ]
}