{
    "1": [
        0.4913763611009136,
        0.8311783642440201,
        0.5323436057792688,
        0.8632797890125308
    ],
    "2": [
        0.43552696981864375,
        0.8329923612502398,
        0.47558957352961206,
        0.8648583500653366
    ],
    "3": [
        0.3770006208600433,
        0.8345259101044701,
        0.41812090986681466,
        0.8660616833787566
    ],
    "4": [
        0.6261258054493468,
        0.8056848166844035,
        0.6904700603556618,
        0.8168007223187035
    ],
    "5": [
        0.712536049088681,
        0.7758226542315837,
        0.7528443175296443,
        0.8057768944591607
    ],
    "6": [
        0.31969433169083555,
        0.8357770114653579,
        0.3603499784719702,
        0.8677269726172931
    ],
    "7": [
        0.5568703885523147,
        0.8290694373700631,
        0.5972390216809715,
        0.8608123316013003
    ],
    "8": [
        0.7933405517743871,
        0.7674326073693645,
        0.8326743955363807,
        0.7947085947635703
    ]
}