{
    "1": [
        0.5125444015369177,
        0.6742404155990704,
        0.5565537600924172,
        0.6902151006419642
    ],
    "2": [
        0.579373427491565,
        0.6717827717463175,
        0.6152329048330829,
        0.6877574567892113
    ],
    "3": [
        0.4506053043106594,
        0.6742404155990704,
        0.4946146628661588,
        0.6889862787155878
    ],
    "4": [
        0.7260712893432295,
        0.6275451823967655,
        0.7700806478987288,
        0.6570369086298002
    ],
    "5": [
        0.8157810930005239,
        0.6090694860280763,
        0.8729484045940864,
        0.6501625906560093
    ],
    "6": [
        0.385712158057232,
        0.6636487534143143,
        0.4343785109680799,
        0.6984249263569033
    ],
    "7": [
        0.21090521240623086,
        0.6218314688601456,
        0.27628226231368525,
        0.6678208105973091
    ],
    "8": [
        0.461884069452901,
        0.6026309810919077,
        0.5496786152284614,
        0.6500139120020982
    ]
}