{
    "cot + image vs cot + action": {
        "chi2_value": 24.006668519033063,
        "p_value": 9.60026227591922e-07,
        "significant": true
    },
    "cot + image vs ours w/o button policy": {
        "chi2_value": 7.2992537646901114,
        "p_value": 0.00689832551658521,
        "significant": true
    },
    "cot + image vs ours w/o structured reasoning": {
        "chi2_value": 71.10523857798636,
        "p_value": 3.386696609223297e-17,
        "significant": true
    },
    "cot + image vs ours w/o close loop update": {
        "chi2_value": 1.191539365452409,
        "p_value": 0.2750192678321094,
        "significant": false
    },
    "cot + image vs ours": {
        "chi2_value": 191.56142655081834,
        "p_value": 1.450482540436636e-43,
        "significant": true
    },
    "cot + image vs oracle P": {
        "chi2_value": 219.2694643342699,
        "p_value": 1.305368792777033e-49,
        "significant": true
    },
    "cot + image vs oracle P + M": {
        "chi2_value": 250.2449544704191,
        "p_value": 2.2963469178066732e-56,
        "significant": true
    },
    "cot + action vs ours w/o button policy": {
        "chi2_value": 4.584138609161496,
        "p_value": 0.03226918692367025,
        "significant": true
    },
    "cot + action vs ours w/o structured reasoning": {
        "chi2_value": 12.87530637254902,
        "p_value": 0.00033294621543731277,
        "significant": true
    },
    "cot + action vs ours w/o close loop update": {
        "chi2_value": 36.539552263703996,
        "p_value": 1.4959965846685456e-09,
        "significant": true
    },
    "cot + action vs ours": {
        "chi2_value": 91.79450418160096,
        "p_value": 9.61611530132133e-22,
        "significant": true
    },
    "cot + action vs oracle P": {
        "chi2_value": 115.01908780389793,
        "p_value": 7.794359526733136e-27,
        "significant": true
    },
    "cot + action vs oracle P + M": {
        "chi2_value": 142.8677602590646,
        "p_value": 6.282674928735164e-33,
        "significant": true
    },
    "ours w/o button policy vs ours w/o structured reasoning": {
        "chi2_value": 33.2506381907741,
        "p_value": 8.101316266957949e-09,
        "significant": true
    },
    "ours w/o button policy vs ours w/o close loop update": {
        "chi2_value": 14.941829004329005,
        "p_value": 0.00011087720049197262,
        "significant": true
    },
    "ours w/o button policy vs ours": {
        "chi2_value": 132.12413326568577,
        "p_value": 1.405500344688289e-30,
        "significant": true
    },
    "ours w/o button policy vs oracle P": {
        "chi2_value": 157.52949949554767,
        "p_value": 3.9214660813617684e-36,
        "significant": true
    },
    "ours w/o button policy vs oracle P + M": {
        "chi2_value": 186.85124269005848,
        "p_value": 1.5476269194707058e-42,
        "significant": true
    },
    "ours w/o structured reasoning vs ours w/o close loop update": {
        "chi2_value": 90.80541215372676,
        "p_value": 1.5851918146690074e-21,
        "significant": true
    },
    "ours w/o structured reasoning vs ours": {
        "chi2_value": 39.90583444677738,
        "p_value": 2.665059430431334e-10,
        "significant": true
    },
    "ours w/o structured reasoning vs oracle P": {
        "chi2_value": 58.48560354374308,
        "p_value": 2.0478396301028378e-14,
        "significant": true
    },
    "ours w/o structured reasoning vs oracle P + M": {
        "chi2_value": 83.44380952380952,
        "p_value": 6.555303142328437e-20,
        "significant": true
    },
    "ours w/o close loop update vs ours": {
        "chi2_value": 219.26007326007328,
        "p_value": 1.311540449051742e-49,
        "significant": true
    },
    "ours w/o close loop update vs oracle P": {
        "chi2_value": 247.81356376014665,
        "p_value": 7.782349245663488e-56,
        "significant": true
    },
    "ours w/o close loop update vs oracle P + M": {
        "chi2_value": 279.41942401960785,
        "p_value": 1.0048799087197468e-62,
        "significant": true
    },
    "ours vs oracle P": {
        "chi2_value": 2.482063215047508,
        "p_value": 0.11515110938460034,
        "significant": false
    },
    "ours vs oracle P + M": {
        "chi2_value": 16.55211912943872,
        "p_value": 4.7331063740716343e-05,
        "significant": true
    },
    "oracle P vs oracle P + M": {
        "chi2_value": 7.219402143260011,
        "p_value": 0.007211972413109941,
        "significant": true
    }
}