{
    "dehumidifier": {
        "cot + image vs cot + action": {
            "chi2_value": 34.86426767676768,
            "p_value": 3.535094740015311e-09,
            "significant": true
        },
        "cot + image vs ours w/o button policy": {
            "chi2_value": 1.3663053297199639,
            "p_value": 0.24244769486543982,
            "significant": false
        },
        "cot + image vs ours w/o structured reasoning": {
            "chi2_value": 47.82090568607423,
            "p_value": 4.669858466470472e-12,
            "significant": true
        },
        "cot + image vs ours w/o close loop update": {
            "chi2_value": 1.3663053297199639,
            "p_value": 0.24244769486543982,
            "significant": false
        },
        "cot + image vs ours": {
            "chi2_value": 47.82090568607423,
            "p_value": 4.669858466470472e-12,
            "significant": true
        },
        "cot + action vs ours w/o button policy": {
            "chi2_value": 22.685185185185187,
            "p_value": 1.9083352345314023e-06,
            "significant": true
        },
        "cot + action vs ours w/o structured reasoning": {
            "chi2_value": 1.43184421534937,
            "p_value": 0.23146369725230284,
            "significant": false
        },
        "cot + action vs ours w/o close loop update": {
            "chi2_value": 22.685185185185187,
            "p_value": 1.9083352345314023e-06,
            "significant": true
        },
        "cot + action vs ours": {
            "chi2_value": 1.43184421534937,
            "p_value": 0.23146369725230284,
            "significant": false
        },
        "ours w/o button policy vs ours w/o structured reasoning": {
            "chi2_value": 34.20838420838421,
            "p_value": 4.9515163851766e-09,
            "significant": true
        },
        "ours w/o button policy vs ours w/o close loop update": {
            "chi2_value": 0.0,
            "p_value": 1.0,
            "significant": false
        },
        "ours w/o button policy vs ours": {
            "chi2_value": 34.20838420838421,
            "p_value": 4.9515163851766e-09,
            "significant": true
        },
        "ours w/o structured reasoning vs ours w/o close loop update": {
            "chi2_value": 34.20838420838421,
            "p_value": 4.9515163851766e-09,
            "significant": true
        },
        "ours w/o structured reasoning vs ours": {
            "chi2_value": 0.0,
            "p_value": 1.0,
            "significant": false
        },
        "ours w/o close loop update vs ours": {
            "chi2_value": 34.20838420838421,
            "p_value": 4.9515163851766e-09,
            "significant": true
        }
    },
    "bottle_washer": {
        "cot + image vs cot + action": {
            "chi2_value": 47.84027777777778,
            "p_value": 4.623943481292718e-12,
            "significant": true
        },
        "cot + image vs ours w/o button policy": {
            "chi2_value": 72.93722293722294,
            "p_value": 1.338399786898923e-17,
            "significant": true
        },
        "cot + image vs ours w/o structured reasoning": {
            "chi2_value": 117.7823006181215,
            "p_value": 1.935023927084344e-27,
            "significant": true
        },
        "cot + image vs ours w/o close loop update": {
            "chi2_value": 47.84027777777778,
            "p_value": 4.623943481292718e-12,
            "significant": true
        },
        "cot + image vs ours": {
            "chi2_value": 219.18653813630982,
            "p_value": 1.3608862536608286e-49,
            "significant": true
        },
        "cot + action vs ours w/o button policy": {
            "chi2_value": 2.7197440240918502,
            "p_value": 0.09911390901967225,
            "significant": false
        },
        "cot + action vs ours w/o structured reasoning": {
            "chi2_value": 18.204461771713234,
            "p_value": 1.9841347259726093e-05,
            "significant": true
        },
        "cot + action vs ours w/o close loop update": {
            "chi2_value": 0.0,
            "p_value": 1.0,
            "significant": false
        },
        "cot + action vs ours": {
            "chi2_value": 87.37105806071324,
            "p_value": 8.995725009088149e-21,
            "significant": true
        },
        "ours w/o button policy vs ours w/o structured reasoning": {
            "chi2_value": 6.560019841269842,
            "p_value": 0.010429520338997694,
            "significant": true
        },
        "ours w/o button policy vs ours w/o close loop update": {
            "chi2_value": 2.7197440240918502,
            "p_value": 0.09911390901967225,
            "significant": false
        },
        "ours w/o button policy vs ours": {
            "chi2_value": 64.46296296296296,
            "p_value": 9.836407060562108e-16,
            "significant": true
        },
        "ours w/o structured reasoning vs ours w/o close loop update": {
            "chi2_value": 18.204461771713234,
            "p_value": 1.9841347259726093e-05,
            "significant": true
        },
        "ours w/o structured reasoning vs ours": {
            "chi2_value": 36.19976359338062,
            "p_value": 1.7809215861090207e-09,
            "significant": true
        },
        "ours w/o close loop update vs ours": {
            "chi2_value": 87.37105806071324,
            "p_value": 8.995725009088149e-21,
            "significant": true
        }
    },
    "rice_cooker": {
        "cot + image vs cot + action": {
            "chi2_value": 78.331964969896,
            "p_value": 8.710095453156606e-19,
            "significant": true
        },
        "cot + image vs ours w/o button policy": {
            "chi2_value": 1.9651842785257718,
            "p_value": 0.16095995276735184,
            "significant": false
        },
        "cot + image vs ours w/o structured reasoning": {
            "chi2_value": 61.04572510822511,
            "p_value": 5.576447459200054e-15,
            "significant": true
        },
        "cot + image vs ours w/o close loop update": {
            "chi2_value": 12.671491029699986,
            "p_value": 0.00037127333710374106,
            "significant": true
        },
        "cot + image vs ours": {
            "chi2_value": 213.61060049019608,
            "p_value": 2.2395784315833836e-48,
            "significant": true
        },
        "cot + action vs ours w/o button policy": {
            "chi2_value": 55.49250385315959,
            "p_value": 9.381608938678705e-14,
            "significant": true
        },
        "cot + action vs ours w/o structured reasoning": {
            "chi2_value": 1.048163548163548,
            "p_value": 0.30593041760619555,
            "significant": false
        },
        "cot + action vs ours w/o close loop update": {
            "chi2_value": 148.0658930238762,
            "p_value": 4.589096918153261e-34,
            "significant": true
        },
        "cot + action vs ours": {
            "chi2_value": 48.18660022148394,
            "p_value": 3.875275528513808e-12,
            "significant": true
        },
        "ours w/o button policy vs ours w/o structured reasoning": {
            "chi2_value": 40.85021358688164,
            "p_value": 1.6435529281526444e-10,
            "significant": true
        },
        "ours w/o button policy vs ours w/o close loop update": {
            "chi2_value": 25.180844907407405,
            "p_value": 5.21980763148196e-07,
            "significant": true
        },
        "ours w/o button policy vs ours": {
            "chi2_value": 179.70697749716692,
            "p_value": 5.615640517304135e-41,
            "significant": true
        },
        "ours w/o structured reasoning vs ours w/o close loop update": {
            "chi2_value": 125.17673736161132,
            "p_value": 4.655778961525982e-29,