{
    "cot + image vs cot + action": {
        "chi2_value": 24.006668519033063,
        "p_value": 9.60026227591922e-07,
        "significant": true
    },
    "cot + image vs ours w/o button policy": {
        "chi2_value": 7.2992537646901114,
        "p_value": 0.00689832551658521,
        "significant": true
    },
    "cot + image vs ours w/o structured reasoning": {
        "chi2_value": 71.10523857798636,
        "p_value": 3.386696609223297e-17,
        "significant": true
    },
    "cot + image vs ours w/o close loop update": {
        "chi2_value": 1.191539365452409,
        "p_value": 0.2750192678321094,
        "significant": false
    },
    "cot + image vs ours": {
        "chi2_value": 191.56142655081834,
        "p_value": 1.450482540436636e-43,
        "significant": true
    },
    "cot + action vs ours w/o button policy": {
        "chi2_value": 4.584138609161496,
        "p_value": 0.03226918692367025,
        "significant": true
    },
    "cot + action vs ours w/o structured reasoning": {
        "chi2_value": 12.87530637254902,
        "p_value": 0.00033294621543731277,
        "significant": true
    },
    "cot + action vs ours w/o close loop update": {
        "chi2_value": 36.539552263703996,
        "p_value": 1.4959965846685456e-09,
        "significant": true
    },
    "cot + action vs ours": {
        "chi2_value": 91.79450418160096,
        "p_value": 9.61611530132133e-22,
        "significant": true
    },
    "ours w/o button policy vs ours w/o structured reasoning": {
        "chi2_value": 33.2506381907741,
        "p_value": 8.101316266957949e-09,
        "significant": true
    },
    "ours w/o button policy vs ours w/o close loop update": {
        "chi2_value": 14.941829004329005,
        "p_value": 0.00011087720049197262,
        "significant": true
    },
    "ours w/o button policy vs ours": {
        "chi2_value": 132.12413326568577,
        "p_value": 1.405500344688289e-30,
        "significant": true
    },
    "ours w/o structured reasoning vs ours w/o close loop update": {
        "chi2_value": 90.80541215372676,
        "p_value": 1.5851918146690074e-21,
        "significant": true
    },
    "ours w/o structured reasoning vs ours": {
        "chi2_value": 39.90583444677738,
        "p_value": 2.665059430431334e-10,
        "significant": true
    },
    "ours w/o close loop update vs ours": {
        "chi2_value": 219.26007326007328,
        "p_value": 1.311540449051742e-49,
        "significant": true
    }
}