{
    "ours vs oracle P": {
        "chi2_value": 2.482063215047508,
        "p_value": 0.11515110938460034,
        "significant": false
    },
    "ours vs oracle P + M": {
        "chi2_value": 16.55211912943872,
        "p_value": 4.7331063740716343e-05,
        "significant": true
    },
    "oracle P vs oracle P + M": {
        "chi2_value": 7.219402143260011,
        "p_value": 0.007211972413109941,
        "significant": true
    }
}