{
    "1": [
        0.628393897860493,
        0.297341749988185,
        0.7479731452042875,
        0.44683100097643297
    ],
    "2": [
        0.34964750500294683,
        0.6711366348517235,
        0.4886975047717913,
        0.8822367111608409
    ],
    "3": [
        0.18587553975808946,
        0.2859942694447695,
        0.2993464053975301,
        0.42900004132561576
    ],
    "4": [
        0.38099025428724836,
        0.26924939285128435,
        0.5382710895163022,
        0.47045158427258893
    ]
}