{
    "1": [
        0.16995519399642944,
        0.5988099575042725,
        0.20188045501708984,
        0.6589138507843018
    ],
    "2": [
        0.5949012041091919,
        0.6034316420555115,
        0.655105471611023,
        0.6825160384178162
    ],
    "3": [
        0.43235763907432556,
        0.5668445825576782,
        0.5595688223838806,
        0.6287850141525269
    ],
    "4": [
        0.3376406729221344,
        0.5968887805938721,
        0.3962642252445221,
        0.6757321357727051
    ],
    "5": [
        0.764455258846283,
        0.5911851525306702,
        0.8388361930847168,
        0.6936158537864685
    ]
}