{
    "1": [
        0.2514159021322211,
        0.4624745129558256,
        0.34896555710855104,
        0.6520867731821653
    ],
    "2": [
        0.6516606210706613,
        0.46507121592881984,
        0.7496513998925707,
        0.6555706695978393
    ],
    "3": [
        0.5463029744246342,
        0.664743941496084,
        0.611129255166162,
        0.7878887664713262
    ],
    "4": [
        0.38965672714225974,
        0.6624789086443038,
        0.45409218352305736,
        0.7858154406461302
    ],
    "5": [
        0.36845383911179397,
        0.4547519724273539,
        0.42669815249371545,
        0.6329245531355502
    ]
}