{
    "1": [
        0.6141780294264478,
        0.3943304892115105,
        0.6279023526938587,
        0.40425880070602815
    ],
    "2": [
        0.39047887317959257,
        0.3675212380284484,
        0.4598157579233969,
        0.3930915169082295
    ],
    "3": [
        0.4795516759638474,
        0.3683888854731503,
        0.5566741054240936,
        0.41054074887476766
    ],
    "4": [
        0.30547505617141724,
        0.3526746321901415,
        0.37151318068692163,
        0.3927443315195518
    ],
    "5": [
        0.6718564692758733,
        0.38766298992209336,
        0.7555734515190125,
        0.4329388737678528
    ],
    "6": [
        0.37266580353021794,
        0.28054943680763245,
        0.7224470707343968,
        0.3795792599170795
    ]
}