{
    "1": [
        0.43766068449159234,
        0.35121903832142165,
        0.7208069216783258,
        0.5381508442071767
    ],
    "2": [
        0.4809526691287494,
        0.7011447907757784,
        0.658304004333924,
        0.811231632619517
    ],
    "3": [
        0.5178037258633377,
        0.576060875683865,
        0.631205145830503,
        0.6324092017678993
    ],
    "4": [
        0.5334459953767974,
        0.23920149035257499,
        0.6449835036021714,
        0.29951702068993047
    ]
}