{
    "1": [
        0.23077484965324402,
        0.47992652654647827,
        0.35675522685050964,
        0.6234387159347534
    ],
    "2": [
        0.24820071458816528,
        0.6697452068328857,
        0.3708506226539612,
        0.8042714595794678
    ],
    "3": [
        0.7157738095238095,
        0.5376984126984127,
        0.7529761904761905,
        0.6058201058201058
    ],
    "4": [
        0.605751633644104,
        0.6589792966842651,
        0.7189813852310181,
        0.8075147271156311
    ],
    "5": [
        0.4220464825630188,
        0.5386794209480286,
        0.5478888154029846,
        0.7008618116378784
    ]
}