{
    "1": [
        0.14530583670822256,
        0.468655148470841,
        0.17604936017727996,
        0.49099332356543
    ],
    "2": [
        0.15735430300168862,
        0.5427829822484789,
        0.18696246335201666,
        0.5637525782788373
    ],
    "3": [
        0.1673504761414285,
        0.6135669309450513,
        0.1969210220994535,
        0.6339713493663552
    ],
    "4": [
        0.17776242965931355,
        0.6796846448483542,
        0.20612303761491235,
        0.698817699015656
    ],
    "5": [
        0.18728118471520067,
        0.7417301045464413,
        0.21469386773270405,
        0.7609192046689159
    ]
}