{
    "1": [
        0.22120915746867062,
        0.710190865523044,
        0.2822358449951953,
        0.7352438397994074
    ],
    "2": [
        0.5668772688613062,
        0.6906698432527806,
        0.6403451237336617,
        0.7486043120482291
    ],
    "3": [
        0.5138487707324719,
        0.742349955448282,
        0.574115756466796,
        0.7941151248831981
    ],
    "4": [
        0.344958604977751,
        0.6251012004179899,
        0.5129894805947173,
        0.7118755362677487
    ],
    "5": [
        0.2941758490764718,
        0.7696916794294072,
        0.3339758626807271,
        0.786393662280316
    ],
    "6": [
        0.44473506194786805,
        0.7691181297021259,
        0.4968219635488209,
        0.8185325617772111
    ],
    "7": [
        0.36185540709984265,
        0.7697459253317691,
        0.4156236154635985,
        0.8187180816134684
    ]
}