{
    "1": [
        0.2562593967560575,
        0.5093426376330861,
        0.3148907205379796,
        0.5536225474460892
    ],
    "2": [
        0.6462281456326746,
        0.5147816337419613,
        0.7042029934842823,
        0.5586902493655259
    ],
    "3": [
        0.268543467227433,
        0.584963768236431,
        0.32620136340058853,
        0.6255316355807921
    ],
    "4": [
        0.6334545836438668,
        0.5894700036359417,
        0.690456647146572,
        0.630226075816978
    ],
    "5": [
        0.19395251535022542,
        0.4976836065859551,
        0.7618157445106177,
        0.6402133554788385
    ]
}