{
    "1": [
        0.5344614596212947,
        0.5773993318468769,
        0.6541614606349766,
        0.6656727574346917
    ],
    "2": [
        0.2867481226229486,
        0.4137633655545781,
        0.3534285012092299,
        0.4340707729163679
    ],
    "3": [
        0.5330659434020322,
        0.6856548579147344,
        0.6516231733165405,
        0.7716683679269849
    ],
    "4": [
        0.3566249802021082,
        0.6863511077058888,
        0.4757703135502571,
        0.7721967505508616
    ],
    "5": [
        0.3552658528370416,
        0.5779396063404647,
        0.476553393882738,
        0.6660011264822003
    ],
    "6": [
        0.4445751568023073,
        0.46492537598376416,
        0.5674063320794156,
        0.5560572234414458
    ],
    "7": [
        0.2633354409116807,
        0.4636122066806898,
        0.38532612151727674,
        0.5549501287322052
    ],
    "8": [
        0.18417395358123123,
        0.5738962939169241,
        0.2976301543773756,
        0.6621798467744284
    ],
    "9": [
        0.18981509238288286,
        0.6807613918894546,
        0.30088218551939216,
        0.7667924328193116
    ],
    "10": [
        0.7096716692811489,
        0.57338133759756,
        0.8200797971207328,
        0.6609280548634118
    ],
    "11": [
        0.6597414903399598,
        0.4153254738131773,
        0.7191287025183667,
        0.43875709769216553
    ],
    "12": [
        0.705188786976382,
        0.6787884156217601,
        0.8143651118320796,
        0.7652102003738044
    ],
    "13": [
        0.6269682236501182,
        0.4645126513830462,
        0.7451832372577623,
        0.5543508935813719
    ],
    "14": [
        0.3941155063486257,
        0.35645491396109463,
        0.6186723946862429,
        0.42327924267694783
    ]
}