{
    "1": [
        0.8273749396489043,
        0.285035913670455,
        0.9330921310199747,
        0.3883775899112485
    ],
    "2": [
        0.8049254401446255,
        0.4809656546823238,
        0.9016646708119831,
        0.5712418347616266
    ],
    "3": [
        0.7853299969287377,
        0.6511456986063102,
        0.8746000083987155,
        0.7313547004365661
    ],
    "4": [
        0.7618855356764902,
        0.7606913806485638,
        0.8625681232960662,
        0.8700920860943917
    ]
}