{
    "1": [
        0.2951494894759477,
        0.3618213078602306,
        0.3525076147961815,
        0.4080801591734282
    ],
    "2": [
        0.4535622915377227,
        0.35744685758577965,
        0.5120172551567156,
        0.4040435759659893
    ],
    "3": [
        0.37467142738696013,
        0.3595227610905063,
        0.43230757677086123,
        0.40601550607951253
    ],
    "4": [
        0.21576919478569762,
        0.36422507806680393,
        0.27253599346782154,
        0.4098468115209233
    ],
    "5": [
        0.5314316664089902,
        0.35563922401211734,
        0.5913778526784496,
        0.40208154486257897
    ],
    "6": [
        0.1322656653510813,
        0.36510181616214865,
        0.19369776779501144,
        0.4135955294871767
    ]
}