{
    "1": [
        0.5440057847573728,
        0.5908759648428661,
        0.6143333077286565,
        0.6141677263467838
    ],
    "2": [
        0.655754439355555,
        0.5704295502479297,
        0.7549951311079841,
        0.6393337444168079
    ],
    "3": [
        0.27881031967942815,
        0.5684780708938675,
        0.3775098165146303,
        0.6378556472165346
    ],
    "4": [
        0.4035193103603342,
        0.46417089282105817,
        0.6306237958252072,
        0.5175698779834441
    ],
    "5": [
        0.41125053878969386,
        0.5743340401747652,
        0.4945632811838061,
        0.6323814225388791
    ],
    "6": [
        0.3087042343152608,
        0.4694495043083915,
        0.3835749370968714,
        0.5167112765377997
    ],
    "7": [
        0.6504605073956736,
        0.47072913200651634,
        0.7264327636740627,
        0.5183192328633659
    ]
}