{
    "1": [
        0.7605796347847491,
        0.4968530148163366,
        0.8419420916440146,
        0.5928052894154003
    ],
    "2": [
        0.18775389388477404,
        0.38733150091904633,
        0.26355127809971446,
        0.47156458145749336
    ],
    "3": [
        0.32444948545480123,
        0.4157103936094919,
        0.40067220681550175,
        0.4987463474724281
    ],
    "4": [
        0.46011298474004825,
        0.44180743266622335,
        0.5466462218881691,
        0.5404875798112738
    ],
    "5": [
        0.6089748120761946,
        0.468763825360313,
        0.6885658931834122,
        0.5570000356312672
    ]
}