{
    "1": [
        0.0005367398262023926,
        0.2875599707453149,
        0.10595993138858262,
        0.4144856160515089
    ],
    "2": [
        0.42308019693583654,
        0.5442254525696626,
        0.5272459796030227,
        0.5847193055668873
    ],
    "3": [
        0.12150345518164438,
        0.48011018532405675,
        0.18702709266584214,
        0.5161047213215898
    ],
    "4": [
        0.8450318033717394,
        0.30024585147465765,
        0.9326426486047694,
        0.42595338695128016
    ],
    "5": [
        0.30057938640675275,
        0.2616185965712381,
        0.6586180138110649,
        0.500122338033085
    ],
    "6": [
        0.17193739941325248,
        0.26842987797239615,
        0.24503053502252214,
        0.36859354842515984
    ],
    "7": [
        0.7079620268639246,
        0.2768365067467583,
        0.7830009940660148,
        0.37756322700926703
    ],
    "8": [
        0.7576530754022315,
        0.4398950278636392,
        0.8302638468921941,
        0.5447567456879412
    ]
}