{
    "1": [
        0.5512750507025909,
        0.0319501260294448,
        0.7604238303352983,
        0.20055108108266673
    ],
    "2": [
        0.5575893209490729,
        0.25956287536796196,
        0.7671577090969584,
        0.42266449329726186
    ],
    "3": [
        0.5658330698199856,
        0.47961337251714653,
        0.7853333573448846,
        0.640544166876424
    ],
    "4": [
        0.573810489831063,
        0.6992951195980908,
        0.7927750627770681,
        0.8731224623966156
    ]
}