{
    "1": [
        0.20529187098145485,
        0.5107185591477901,
        0.2823472209274769,
        0.5740238153841346
    ],
    "2": [
        0.3717041001793415,
        0.5356275300547857,
        0.6417994562939189,
        0.6692541390262239
    ],
    "3": [
        0.8396147276728172,
        0.31529646642489517,
        0.914383954641707,
        0.46860764007476385
    ],
    "4": [
        0.7238962521560062,
        0.4462529225327261,
        0.8126241208194873,
        0.605286290360671
    ],
    "5": [
        0.09092847751356936,
        0.3041177969330211,
        0.16922475012560678,
        0.46042864661325344
    ]
}