{
    "1": [
        0.502162084902913,
        0.1782553643874336,
        0.7352210746001437,
        0.31696812479558734
    ],
    "2": [
        0.497159346938725,
        0.38320106023096345,
        0.7107067063714847,
        0.5037960463965026
    ],
    "3": [
        0.48632810125081194,
        0.5607845578653543,
        0.6897259829743502,
        0.6741530698250449
    ],
    "4": [
        0.47534888202147846,
        0.6990252491276672,
        0.7002343958155305,
        0.8254020915233711
    ]
}