{
    "1": [
        0.6599309601201426,
        0.7802707686796762,
        0.7280969276826923,
        0.8493517393433248
    ],
    "2": [
        0.46737055380699033,
        0.4812599790826022,
        0.7487408572266965,
        0.8511932591818283
    ],
    "3": [
        0.8314061952782765,
        0.7094153591125973,
        0.9151510161606282,
        0.885866990419224
    ],
    "4": [
        0.8530451457559387,
        0.5389510380129492,
        0.9345372195503892,
        0.6572492907399141
    ],
    "5": [
        0.1438718166521511,
        0.4626950204895053,
        0.3108904998163631,
        0.757307698417744
    ],
    "6": [
        0.5322811922204806,
        0.7511654016165981,
        0.5939833921980906,
        0.8194617139208304
    ],
    "7": [
        0.5951410066796967,
        0.7655394720559539,
        0.6602182829651468,
        0.834279973298937
    ],
    "8": [
        0.47002556460057576,
        0.7375475407545551,
        0.5308058931570869,
        0.8047907093182705
    ]
}