{
    "1": [
        0.429736691718594,
        0.7025520664622915,
        0.5224123405148842,
        0.8709762299818866
    ],
    "2": [
        0.6889907152890964,
        0.7991228503770333,
        0.7267216743408375,
        0.8668103159629617
    ],
    "3": [
        0.5928027303495256,
        0.804432193101146,
        0.6301368673295562,
        0.8661021722409856
    ],
    "4": [
        0.4008835666614943,
        0.8043260985835978,
        0.43237446572068566,
        0.8650941503820846
    ],
    "5": [
        0.6825908895863115,
        0.7188296808472163,
        0.7159325009879639,
        0.7681826464360273
    ],
    "6": [
        0.3309807913672599,
        0.8214028849754396,
        0.35182258700262975,
        0.8517306411188805
    ],
    "7": [
        0.4685610311872981,
        0.8200389940937463,
        0.48542747015457266,
        0.8508665471320622
    ]
}