{
    "1": [
        0.29297730326652527,
        0.8510564148554742,
        0.3776120165367143,
        0.8971448171672947
    ],
    "2": [
        0.5261935665318447,
        0.8523955732778035,
        0.6095887422561646,
        0.8984521326392034
    ],
    "3": [
        0.4106046286668228,
        0.8557236329562059,
        0.4931948211602215,
        0.9022678136825562
    ],
    "4": [
        0.29297730326652527,
        0.4629289507865906,
        0.6095887422561646,
        0.7423655576161181
    ]
}